{
    "EnableAutoCalculation": 1,
    "EnableAutoDestockAtRestart": 0,
    "EnableDefaultTraderStock": 0,
    "TraderCategories": [
        {
            "CategoryName": "SNAFU Weapons 1",
            "Products": [
                "SNAFUAPS,0.66874,5,0,110,30",
                "SN_Springfield ,0.66874,5,0,110,30",
                "SN_Glock19,0.66874,5,0,110,30",
                "SN_Mp443,0.66874,5,0,110,30",
                "SN_M9,0.66874,5,0,110,30",
                "GCGN_Vityaz,0.66874,5,0,110,30",
                "Tec9_Gun,0.66874,5,0,110,30",
                "SNAFUVECTOR_9mm_GUN,0.66874,5,0,110,30",
                "SNAFU_MP9_GUN,0.66874,5,0,110,30",
                "SNAFU_Fort12_GUN,0.66874,5,0,110,30",
                "SNAFU_MPX_GUN,0.66874,5,0,110,30",
                "SNAFU_Agram_GUN,0.66874,5,0,110,30",
                "SNAFUKH9,0.66874,5,0,110,30",
                "SNAFUSten,0.66874,5,0,110,30",
                "SNAFU_PDW_9mm,0.66874,5,0,110,30",
                "SNAFUUzi,0.66874,5,0,110,30",
                "SN_USP,0.66874,5,0,110,30",
                "SNAFUVECTOR_45acp_GUN,0.66874,5,0,110,30",
                "SNAFU_PDW_45ACP,0.66874,5,0,110,30",
                "SNAFUThompsonMk2,0.66874,5,0,110,30",
                "SNAFUSWM629,0.66874,5,0,110,30",
                "SNAFUChiappaRhino,0.66874,5,0,110,30",
                "SNAFUMagnum500,0.66874,5,0,110,30",
                "GCGN_MP7,0.66874,5,0,110,30",
                "SNAFUP90,0.66874,5,0,110,30",
                "SNAFU_Trenchgun,0.66874,5,0,110,30",
                "SNAFU_TP82S,0.66874,5,0,110,30",
                "SN_Auto_Shotgun,0.66874,5,0,110,30",
                "SN_M870,0.66874,5,0,110,30",
                "VR80_Gun,0.66874,5,0,110,30",
                "Spas12_Gun,0.66874,5,0,110,30",
                "AA12_Gun,0.66874,5,0,110,30",
                "SNAFUSR3_Vikhr,0.66874,5,0,110,30",
                "GCGN_M1Garand,0.66874,5,0,110,30",
                "SNAFU_M1918A2,0.66874,5,0,110,30",
                "SNAFUMarlin1895,0.66874,5,0,110,30",
                "SNAFU_AK12A,0.66874,5,0,110,30",
                "SNAFU_RPK16_Black,0.66874,5,0,110,30",
                "SNAFU_RPK16_Green,0.66874,5,0,110,30",
                "SNAFU_RPK16_Tan,0.66874,5,0,110,30",
                "SNAFU_AEK545_Gun,0.66874,5,0,110,30",
                "SNAFU_U100,0.66874,5,0,110,30",
                "GCGN_M4A1,0.66874,5,0,110,30",
                "SNAFU_CZ805_Gun,0.66874,5,0,110,30",
                "GCGN_HK416,0.66874,5,0,110,30",
                "ACR_Gun,0.66874,5,0,110,30",
                "M4_6933_Gun,0.66874,5,0,110,30",
                "IA2_Gun,0.66874,5,0,110,30",
                "SG550_Gun,0.66874,5,0,110,30",
                "MK18_Gun,0.66874,5,0,110,30",
                "SCAR_Gun,0.66874,5,0,110,30",
                "SNAFU_CALI_GUN,0.66874,5,0,110,30",
                "SNAFU_AK19,0.66874,5,0,110,30",
                "SNAFUTAR21_Black,0.66874,5,0,110,30",
                "SNAFUTAR21_Tan,0.66874,5,0,110,30",
                "SNAFUTAR21_Green,0.66874,5,0,110,30",
                "SNAFUFAMAS,0.66874,5,0,110,30",
                "SNAFUMk12,0.66874,5,0,110,30",
                "SNAFUSA80,0.66874,5,0,110,30",
                "HK416_Gun,0.66874,5,0,110,30",
                "SNAFUAUG,0.66874,5,0,110,30",
                "SNAFUAUG_BK,0.66874,5,0,110,30",
                "SNAFU_ADAR_Modular16_GUN,0.66874,5,0,110,30",
                "SNAFU_AR15_Modular16_GUN,0.66874,5,0,110,30",
                "SNAFU_LVOA556_GUN,0.66874,5,0,110,30",
                "SNAFU_M4556_Modular14_GUN,0.66874,5,0,110,30",
                "SNAFU_M4556_Modular16_GUN,0.66874,5,0,110,30",
                "SNAFU_Saint556_Gun,0.66874,5,0,110,30",
                "GCGN_M249,0.66874,5,0,110,30"        
            ]
        },
        {
            "CategoryName": "SNAFU Weapons 2",
            "Products": [
                "SNAFUPPSh,0.66874,5,0,110,30",
                "SNAFU_SKS,0.66874,5,0,110,30",
                "GCGN_VEPR,0.66874,5,0,110,30",
                "SNAFUPPSKN,0.66874,5,0,110,30",
                "SNAFU_AK103A,0.66874,5,0,110,30",
                "SNAFURPD,0.66874,5,0,110,30",
                "SNAFU_MK4710Gun,0.66874,5,0,110,30",
                "SNAFU_MK4716Gun,0.66874,5,0,110,30",
                "SNAFU_KAC_Gun,0.66874,5,0,110,30",
                "SNAFUHoneyBadger_Black,0.66874,5,0,110,30",
                "SNAFUHoneyBadger_Tan,0.66874,5,0,110,30",
                "SNAFU_AR15SPRBK,0.66874,5,0,110,30",
                "SNAFU_AR15SPRTAN,0.66874,5,0,110,30",
                "SNAFU_M4300AC_10_GUN,0.66874,5,0,110,30",
                "SNAFU_M4300AC_14_GUN,0.66874,5,0,110,30",
                "SNAFU_M4300AC_16_GUN,0.66874,5,0,110,30",
                "SNAFU_M4300AC_14DV_GUN,0.66874,5,0,110,30",
                "SNAFU_M14,0.66874,5,0,110,30",
                "SNAFU_M76,0.66874,5,0,110,30",
                "SNAFU_FRF2,0.66874,5,0,110,30",
                "SNAFU_M48,0.66874,5,0,110,30",
                "GCGN_M110_Black,0.66874,5,0,110,30",
                "GCGN_M110_Green,0.66874,5,0,110,30",
                "GCGN_M110_Tan,0.66874,5,0,110,30",
                "SNAFU_SR25_Gun,0.66874,5,0,110,30",
                "SNAFU_Saint_Gun,0.66874,5,0,110,30",
                "SNAFURSASS_Wood_GUN,0.66874,5,0,110,30",
                "SNAFURSASS_od_GUN,0.66874,5,0,110,30",
                "SNAFURSASS_dkmc_GUN,0.66874,5,0,110,30",
                "GCGN_M700,0.66874,5,0,110,30",
                "SNHK417_Gun,0.66874,5,0,110,30",
                "SNSA58_Gun,0.66874,5,0,110,30",
                "SNAFUM1A_Black,0.66874,5,0,110,30",
                "SNAFUM1A_Green,0.66874,5,0,110,30",
                "SNAFUM1A_Tan,0.66874,5,0,110,30",
                "SNAFU_AK308,0.66874,5,0,110,30",
                "SNAFU_Saint_Gun,0.66874,5,0,110,30",
                "Snafu_ScarH_Black_GUN,0.66874,5,0,110,30",
                "Snafu_ScarH_DKMC_GUN,0.66874,5,0,110,30",
                "Snafu_ScarH_OD_GUN,0.66874,5,0,110,30",
                "Snafu_ScarH_Snow_GUN,0.66874,5,0,110,30",
                "Snafu_ScarH_Tan_GUN,0.66874,5,0,110,30",
                "Snafu_pkp_Black_GUN,0.66874,5,0,110,30",
                "Snafu_pkp_NBlack_GUN,0.66874,5,0,110,30",
                "SNAFUM24_GUN,0.66874,5,0,110,30",
                "SNAFU_AWM_Gun,0.66874,5,0,110,30",
                "SNAFUM98B_Atac_GUN,0.66874,5,0,110,30",
                "SNAFUM98B_Digi_GUN,0.66874,5,0,110,30",
                "SNAFUM98B_Ger_GUN,0.66874,5,0,110,30",
                "SNAFUM98B_Mc_GUN,0.66874,5,0,110,30",
                "SNAFUM98B_Snow_GUN,0.66874,5,0,110,30",
                "SNAFUM98B_Wood_GUN,0.66874,5,0,110,30",
                "SNAFUT5000_Dkmcc_GUN,0.66874,5,0,110,30",
                "SNAFUT5000_Snow_GUN,0.66874,5,0,110,30",
                "SNAFUT5000_Wood_GUN,0.66874,5,0,110,30",
                "SNAFUSRSA2,0.66874,5,0,110,30",
                "SNAFUTac21,0.66874,5,0,110,30",
                "SNAFUDVL10M2,0.66874,5,0,110,30",
                "SNAFU_MAR10_Black_GUN,0.66874,5,0,110,30",
                "SNAFUGevar_Grey,0.66874,5,0,110,30",
                "SNAFUGevar_Black,0.66874,5,0,110,30",
                "SNAFUGevar_Green,0.66874,5,0,110,30",
                "SNAFUGevar_Tan,0.66874,5,0,110,30",
                "SNAFUKivaari_Black_GUN,0.66874,5,0,110,30",
                "SNAFUKivaari_Tan_GUN,0.66874,5,0,110,30",
                "SNAFUKivaari_Grey_GUN,0.66874,5,0,110,30",
                "SNAFUKivaari_Snow_GUN,0.66874,5,0,110,30",
                "SNAFU_M300BK,0.66874,5,0,110,30",
                "SNAFU_M300TAN,0.66874,5,0,110,30",
                "SNAFU_M300Green,0.66874,5,0,110,30",
                "GCGN_M200,0.66874,5,0,110,30",
                "SNAFU_M200Green,0.66874,5,0,110,30",
                "SNAFU_M200SNOW,0.66874,5,0,110,30",
                "GCGN_M200_Tan,0.66874,5,0,110,30",
                "SNAFUM96,0.66874,5,0,110,30",
                "SNAFUGM6Lynx,0.66874,5,0,110,30",
