{
    "m_Version": 6,
    "m_DisplayName": "BLACKMARKET",
    "Position": [
        8144.40771484375,
        479.42559814453127,
        9114.296875
    ],
    "Radius": 100.0,
    "BuyPricePercent": 100.0,
    "SellPricePercent": 1.0,
    "Stock": {

    }
}