{
    "m_Version": 6,
    "m_DisplayName": "EXCHANGETRADER",
    "Position": [
        8599.6904296875,
        105.65699768066406,
        13330.2001953125
    ],
    "Radius": 50.0,
    "BuyPricePercent": 100.0,
    "SellPricePercent": -1.0,
    "Stock": {
        "expansionbanknotehryvnia": 0
    }
}