{
    "m_BedOwner": "3qor-_L32_5v-6SwsE0dJJzXcbCIbrt6kNzzDagyhYY=",
    "m_BedPos": [
        8160.2197265625,
        474.0400085449219,
        9119.6708984375
    ],
    "m_RespawnTime": 0,
    "m_BRUsesLeft": 0
}